SYMBOL,DATE,TIME,BID,OFR
GOOG,20131104,12:00:00,1025.28,1025.84
GOOG,20131104,12:00:00,1025.38,1029.82
GOOG,20131104,12:00:00,1025.38,0
GOOG,20131104,12:00:00,1024.5,1025.84
GOOG,20131104,12:00:00,1024.5,1025.83
GOOG,20131104,12:00:01,1025.26,1025.83
GOOG,20131104,12:00:02,1025.26,1025.98
GOOG,20131104,12:00:02,1025.3,1025.98
GOOG,20131104,12:00:03,1024.5,1025.98
GOOG,20131104,12:00:03,1024.5,1025.85
GOOG,20131104,12:00:03,1020.57,1029.82
GOOG,20131104,12:00:04,1025.28,1025.85
GOOG,20131104,12:00:04,1025.38,1029.82
GOOG,20131104,12:00:04,1025.28,1025.98
GOOG,20131104,12:00:05,1025.41,1025.8
GOOG,20131104,12:00:05,0,0
GOOG,20131104,12:00:05,1025.41,0
GOOG,20131104,12:00:05,1020.57,1029.82
GOOG,20131104,12:00:05,1025.28,1025.99
GOOG,20131104,12:00:05,1024.5,1025.99
GOOG,20131104,12:00:05,1025.33,1025.99
GOOG,20131104,12:00:05,1025.33,1025.9
GOOG,20131104,12:00:05,1025.41,1029.82
GOOG,20131104,12:00:06,1024.78,1026
GOOG,20131104,12:00:06,1025.33,1025.89
GOOG,20131104,12:00:06,1025.33,1025.99
GOOG,20131104,12:00:06,1025.41,1025.99
GOOG,20131104,12:00:06,1025.41,1029.82
GOOG,20131104,12:00:08,1025.41,1026.4
GOOG,20131104,12:00:08,1025.41,1025.99
GOOG,20131104,12:00:08,1025.41,1025.8
GOOG,20131104,12:00:08,1025.23,1026.38
GOOG,20131104,12:00:09,1025.23,1026.43
GOOG,20131104,12:00:15,1025.41,1025.8
GOOG,20131104,12:00:15,1025.41,1029.82
GOOG,20131104,12:00:26,1025.23,1026.13
GOOG,20131104,12:00:26,1025.41,1026.05
GOOG,20131104,12:00:26,0,0
GOOG,20131104,12:00:26,1025.41,1029.82
GOOG,20131104,12:00:26,1025.6,1026
GOOG,20131104,12:00:26,1025.41,1029.82
GOOG,20131104,12:00:26,1025.53,1026.05
GOOG,20131104,12:00:26,1020.57,1029.82
GOOG,20131104,12:00:26,1025.53,1026.4
GOOG,20131104,12:00:26,1024.7,1026.4
GOOG,20131104,12:00:26,1025.53,1026.6
GOOG,20131104,12:00:26,1025.53,1026.4
GOOG,20131104,12:00:26,1025.54,0
GOOG,20131104,12:00:27,0,0
GOOG,20131104,12:00:27,1025.6,0
GOOG,20131104,12:00:27,0,1029.82
GOOG,20131104,12:00:27,1024.5,1026.6
GOOG,20131104,12:00:27,1025.56,1026.6
GOOG,20131104,12:00:27,1025.56,1026.1
GOOG,20131104,12:00:27,1024.7,1026.4
GOOG,20131104,12:00:27,989.76,1026.4
GOOG,20131104,12:00:27,1025.6,1025.8
GOOG,20131104,12:00:27,989.76,1026.1
GOOG,20131104,12:00:27,989.76,1026.6
GOOG,20131104,12:00:27,989.76,1026.07
GOOG,20131104,12:00:27,989.76,1026.07
GOOG,20131104,12:00:28,1021.6,1029.82
GOOG,20131104,12:00:28,1025.6,0
GOOG,20131104,12:00:28,0,0
GOOG,20131104,12:00:28,0,1025.87
GOOG,20131104,12:00:28,1025.6,1025.7
GOOG,20131104,12:00:28,1025.41,1025.7
GOOG,20131104,12:00:28,0,0
GOOG,20131104,12:00:28,1025.47,1026.07
GOOG,20131104,12:00:28,989.76,1026.01
GOOG,20131104,12:00:28,1024.8,1026.01
GOOG,20131104,12:00:28,1024.8,1026.01
GOOG,20131104,12:00:28,1025,1026.4
GOOG,20131104,12:00:28,1024.63,1026
GOOG,20131104,12:00:28,1025,1026
GOOG,20131104,12:00:28,1025,1026
GOOG,20131104,12:00:28,1025,1025.6
GOOG,20131104,12:00:28,1025.41,1025.8
GOOG,20131104,12:00:28,1025.41,1025.8
GOOG,20131104,12:00:28,1025.41,1025.8
GOOG,20131104,12:00:28,0,1025.8
GOOG,20131104,12:00:28,1024.63,1025.6
GOOG,20131104,12:00:28,1024.8,1026.03
GOOG,20131104,12:00:28,1024.63,1026
GOOG,20131104,12:00:28,1024.81,1026
GOOG,20131104,12:00:28,1025.41,1026
GOOG,20131104,12:00:28,0,0
GOOG,20131104,12:00:28,1025.41,1025.6
GOOG,20131104,12:00:28,0,1025.86
GOOG,20131104,12:00:28,0,0
GOOG,20131104,12:00:28,1024.8,1026.01
GOOG,20131104,12:00:28,0,1025.8
GOOG,20131104,12:00:28,1025.41,1026
GOOG,20131104,12:00:28,0,0
GOOG,20131104,12:00:28,0,1025.8
GOOG,20131104,12:00:28,1021.6,1025.99
GOOG,20131104,12:00:28,1021.6,1029.82
GOOG,20131104,12:00:28,1025.41,1025.8
GOOG,20131104,12:00:28,1024.8,1026
GOOG,20131104,12:00:28,1025.41,1026
GOOG,20131104,12:00:28,1025.41,1025.98
GOOG,20131104,12:00:28,1025.41,1026
GOOG,20131104,12:00:28,1025.23,1026.43
GOOG,20131104,12:00:28,1024.42,1025.99
GOOG,20131104,12:00:28,1024.42,1029.7
GOOG,20131104,12:00:28,1025.41,1025.98
GOOG,20131104,12:00:28,1025.41,1026
GOOG,20131104,12:00:28,1025.41,1025.6
GOOG,20131104,12:00:28,1025.41,1026
GOOG,20131104,12:00:28,1024.8,1026
GOOG,20131104,12:00:28,1025.41,1026
GOOG,20131104,12:00:28,1025.41,1025.8
GOOG,20131104,12:00:28,1024.8,1025.88
GOOG,20131104,12:00:28,0,0
GOOG,20131104,12:00:28,0,1025.8
GOOG,20131104,12:00:28,1024.8,1026
GOOG,20131104,12:00:28,1024.8,1025.99
GOOG,20131104,12:00:28,1024.8,1026
GOOG,20131104,12:00:28,1025.41,1026
GOOG,20131104,12:00:28,1025.41,1025.98
GOOG,20131104,12:00:28,1025.41,1029.82
GOOG,20131104,12:00:28,1025.41,1025.98
GOOG,20131104,12:00:28,1025.41,1029.82
GOOG,20131104,12:00:28,0,0
GOOG,20131104,12:00:28,0,1025.81
GOOG,20131104,12:00:28,0,0
GOOG,20131104,12:00:29,1025.75,1025.8
GOOG,20131104,12:00:29,0,1025.8
GOOG,20131104,12:00:29,1025.41,1025.8
GOOG,20131104,12:00:29,1025.41,1029.82
GOOG,20131104,12:00:29,1021.6,1029.82
GOOG,20131104,12:00:29,1025.41,1026.06
GOOG,20131104,12:00:29,1025.41,1025.99
GOOG,20131104,12:00:29,1025.41,1029.82
GOOG,20131104,12:00:29,1025.55,1025.99
GOOG,20131104,12:00:29,1024.8,1025.99
GOOG,20131104,12:00:29,1024.8,1025.98
GOOG,20131104,12:00:29,1024.63,1026
GOOG,20131104,12:00:29,1024.81,1026
GOOG,20131104,12:00:29,1025.23,1026.37
GOOG,20131104,12:00:29,1024.8,1025.98
GOOG,20131104,12:00:29,1025.41,1025.98
GOOG,20131104,12:00:29,1025.41,1025.98
GOOG,20131104,12:00:30,1025.41,1025.8
GOOG,20131104,12:00:30,1025.41,1029.82
GOOG,20131104,12:00:32,1025.41,1025.8
GOOG,20131104,12:00:32,0,0
GOOG,20131104,12:00:32,1025.41,1025.79
GOOG,20131104,12:00:32,1024.8,1025.98
GOOG,20131104,12:00:32,1024.8,1025.96
GOOG,20131104,12:00:32,1021.6,1025.79
GOOG,20131104,12:00:32,1021.6,1025.8
GOOG,20131104,12:00:32,1021.6,1025.79
GOOG,20131104,12:00:32,1025.41,1025.96
GOOG,20131104,12:00:32,1025.41,1025.95
GOOG,20131104,12:00:32,1024.42,1025.79
GOOG,20131104,12:00:32,1024.42,1029.7
GOOG,20131104,12:00:32,0,1025.8
GOOG,20131104,12:00:32,1025.41,1025.98
GOOG,20131104,12:00:32,1025.41,1025.94
GOOG,20131104,12:00:32,1025.34,1025.8
GOOG,20131104,12:00:32,1024.8,1025.94
GOOG,20131104,12:00:32,1024.8,1025.98
GOOG,20131104,12:00:32,1024.8,1025.93
GOOG,20131104,12:00:32,1024.8,1025.93
GOOG,20131104,12:00:32,1024.8,1025.93
GOOG,20131104,12:00:32,1025.23,1026.12
GOOG,20131104,12:00:32,1025.38,1025.93
GOOG,20131104,12:00:32,1025.38,1025.92
GOOG,20131104,12:00:32,989.76,1026.4
GOOG,20131104,12:00:32,989.76,1025.92
GOOG,20131104,12:00:32,1024.81,1026
GOOG,20131104,12:00:32,1024.63,1026
GOOG,20131104,12:00:32,989.76,1025.98
GOOG,20131104,12:00:32,989.76,1025.89
GOOG,20131104,12:00:32,1025.34,1025.89
GOOG,20131104,12:00:32,1025.34,1025.87
GOOG,20131104,12:00:32,989.76,1025.87
GOOG,20131104,12:00:32,989.76,1025.98
GOOG,20131104,12:00:32,989.76,1025.85
GOOG,20131104,12:00:32,1024.54,1025.85
GOOG,20131104,12:00:32,1024.74,1026.4
GOOG,20131104,12:00:32,1024.54,1025.85
GOOG,20131104,12:00:32,1024.74,1026
GOOG,20131104,12:00:33,1025.33,1025.85
GOOG,20131104,12:00:34,1024.54,1025.85
GOOG,20131104,12:00:34,1024.54,1025.98
GOOG,20131104,12:00:34,1025.34,1025.98
GOOG,20131104,12:00:37,1025.34,1025.86
GOOG,20131104,12:00:37,1024.54,1025.86
GOOG,20131104,12:00:37,1025.35,1025.86
GOOG,20131104,12:00:37,1024.54,1025.86
GOOG,20131104,12:00:38,0,0
GOOG,20131104,12:00:38,1024.54,1025.98
GOOG,20131104,12:00:38,1025.35,1025.98
GOOG,20131104,12:00:38,0,1025.8
GOOG,20131104,12:00:38,1025.35,1025.79
GOOG,20131104,12:00:38,1024.54,1025.98
GOOG,20131104,12:00:38,1025.35,1025.98
GOOG,20131104,12:00:38,1025.35,1025.88
GOOG,20131104,12:00:40,1021.6,1025.79
GOOG,20131104,12:00:40,1025.35,1025.98
GOOG,20131104,12:00:40,1025.35,1025.87
GOOG,20131104,12:00:40,1021.6,1029.82
GOOG,20131104,12:00:40,0,0
GOOG,20131104,12:00:40,0,1025.75
GOOG,20131104,12:00:40,1024.54,1025.87
GOOG,20131104,12:00:40,1021.6,1025.74
GOOG,20131104,12:00:40,1025.34,1025.85
GOOG,20131104,12:00:40,1025.34,1025.75
GOOG,20131104,12:00:40,1024.54,1025.87
GOOG,20131104,12:00:40,1024.54,1025.98
GOOG,20131104,12:00:40,1024.54,1025.86
GOOG,20131104,12:00:40,1024.42,1025.74
GOOG,20131104,12:00:40,1024.42,1029.7
GOOG,20131104,12:00:40,1024.54,1025.84
GOOG,20131104,12:00:40,1025.31,1025.84
GOOG,20131104,12:00:40,1025.31,1025.84
GOOG,20131104,12:00:40,0,0
GOOG,20131104,12:00:40,1025.31,1025.83
GOOG,20131104,12:00:40,1024.54,1025.83
GOOG,20131104,12:00:40,0,1025.75
GOOG,20131104,12:00:40,1025.3,1025.83
GOOG,20131104,12:00:40,0,0
GOOG,20131104,12:00:40,1025.3,1025.81
GOOG,20131104,12:00:40,1024.54,1025.81
GOOG,20131104,12:00:40,1024.54,1025.92
GOOG,20131104,12:00:40,0,1025.75
GOOG,20131104,12:00:40,1025.3,1025.92
GOOG,20131104,12:00:40,1025.3,1025.82
GOOG,20131104,12:00:41,0,0
GOOG,20131104,12:00:41,1025.3,1025.92
GOOG,20131104,12:00:41,1024.54,1025.92
GOOG,20131104,12:00:41,1025.33,1025.92
GOOG,20131104,12:00:41,0,1025.75
GOOG,20131104,12:00:42,1025.34,1025.92
GOOG,20131104,12:00:42,1025.34,1025.86
GOOG,20131104,12:00:42,1025.34,1025.92
GOOG,20131104,12:00:42,1025.34,1025.74
GOOG,20131104,12:00:43,1025.34,1025.75
GOOG,20131104,12:00:43,1025.34,1025.89
GOOG,20131104,12:00:43,1024.88,1026
GOOG,20131104,12:00:50,1025.34,1025.74
GOOG,20131104,12:00:50,0,0
GOOG,20131104,12:00:50,1025.34,1025.92
GOOG,20131104,12:00:50,0,1025.75
GOOG,20131104,12:00:50,1025.34,1029.82
GOOG,20131104,12:00:50,0,0
GOOG,20131104,12:00:50,0,1025.75
GOOG,20131104,12:00:50,1025.34,1029.82
GOOG,20131104,12:00:50,0,0
GOOG,20131104,12:00:50,0,1025.76
GOOG,20131104,12:00:50,0,0
GOOG,20131104,12:00:50,0,1025.76
GOOG,20131104,12:00:50,0,0
GOOG,20131104,12:00:50,1025.34,1025.74
GOOG,20131104,12:00:50,1024.42,1025.74
GOOG,20131104,12:00:50,1024.42,1029.7
GOOG,20131104,12:00:50,0,1025.77
GOOG,20131104,12:00:50,1025.34,1025.75
GOOG,20131104,12:00:50,1025.34,1029.82
GOOG,20131104,12:00:50,1025.34,1025.75
GOOG,20131104,12:00:50,1025.34,1029.82
GOOG,20131104,12:00:50,1025.34,1025.75
GOOG,20131104,12:00:50,0,0
GOOG,20131104,12:00:50,1025.34,1029.82
GOOG,20131104,12:00:50,1024.42,1025.74
GOOG,20131104,12:00:50,1024.42,1029.7
GOOG,20131104,12:00:50,0,1025.77
GOOG,20131104,12:00:50,0,0
GOOG,20131104,12:00:50,0,1025.77
GOOG,20131104,12:00:50,0,0
GOOG,20131104,12:00:50,0,1025.78
GOOG,20131104,12:00:50,0,0
GOOG,20131104,12:00:50,1025.34,1025.85
GOOG,20131104,12:00:50,0,1025.79
GOOG,20131104,12:00:50,0,0
GOOG,20131104,12:00:50,1025.34,1025.93
GOOG,20131104,12:00:50,1025.34,1025.93
GOOG,20131104,12:00:50,1025.34,1025.74
GOOG,20131104,12:00:50,1025.34,1025.91
GOOG,20131104,12:00:50,0,1025.74
GOOG,20131104,12:00:50,1025.34,1025.74
GOOG,20131104,12:00:50,1025.34,1026.6
GOOG,20131104,12:00:50,1025.34,1025.87
GOOG,20131104,12:00:50,1025.34,1025.74
GOOG,20131104,12:00:50,0,0
GOOG,20131104,12:00:50,0,1025.76
GOOG,20131104,12:00:50,1025.34,1025.87
GOOG,20131104,12:00:51,0,0
GOOG,20131104,12:00:51,0,1025.74
GOOG,20131104,12:00:51,1025.23,1026.37
GOOG,20131104,12:00:51,1024.88,1025.74
GOOG,20131104,12:00:51,1024.88,1025.74
GOOG,20131104,12:00:51,1025.34,1026.6
GOOG,20131104,12:00:51,1025.34,1026.6
GOOG,20131104,12:00:53,1025.34,1025.9
GOOG,20131104,12:00:53,1025.34,1025.9
GOOG,20131104,12:00:55,0,0
GOOG,20131104,12:00:55,0,1025.75
GOOG,20131104,12:00:56,1025.34,1025.74
GOOG,20131104,12:00:56,0,0
GOOG,20131104,12:00:56,0,1025.74
GOOG,20131104,12:00:56,1025.34,1025.88
GOOG,20131104,12:00:56,1025.34,1025.88
GOOG,20131104,12:00:56,1025.34,1025.74
GOOG,20131104,12:00:56,1025.34,1025.74
GOOG,20131104,12:00:56,1025.34,1025.88
GOOG,20131104,12:00:57,1025.34,1025.74
GOOG,20131104,12:00:57,1025.34,1026.6
GOOG,20131104,12:00:57,1025.34,1026.6
GOOG,20131104,12:00:58,1025.1,1025.74
GOOG,20131104,12:00:58,1025.34,1025.87
GOOG,20131104,12:00:58,1025.34,1025.87
GOOG,20131104,12:01:05,0,0
GOOG,20131104,12:01:05,1025.34,1025.84
GOOG,20131104,12:01:05,1025.34,1025.84
GOOG,20131104,12:01:05,0,1025.74
GOOG,20131104,12:01:05,0,0
GOOG,20131104,12:01:05,1024.54,1025.84
GOOG,20131104,12:01:05,1025.34,1025.73
GOOG,20131104,12:01:05,1024.42,1025.73
GOOG,20131104,12:01:05,1025.1,1026.4
GOOG,20131104,12:01:05,1024.42,1029.7
GOOG,20131104,12:01:05,1024.54,1025.79
GOOG,20131104,12:01:05,0,1025.74
GOOG,20131104,12:01:05,1025.1,1025.73
GOOG,20131104,12:01:05,1025.27,1025.79
GOOG,20131104,12:01:05,1025.27,1025.77
GOOG,20131104,12:01:05,1025.23,1025.97
GOOG,20131104,12:01:06,1025.27,1025.77
GOOG,20131104,12:01:06,1025.34,1025.74
GOOG,20131104,12:01:06,1025.34,1025.81
GOOG,20131104,12:01:06,1025.34,1029.82
GOOG,20131104,12:01:06,1025.27,1025.76
GOOG,20131104,12:01:06,1025.28,1025.76
GOOG,20131104,12:01:06,1025.34,1025.73
GOOG,20131104,12:01:06,1025.34,1025.73
GOOG,20131104,12:01:06,0,0
GOOG,20131104,12:01:06,0,1025.73
GOOG,20131104,12:01:06,1025.28,1025.76
GOOG,20131104,12:01:06,1024.54,1025.76
GOOG,20131104,12:01:06,1024.42,1025.73
GOOG,20131104,12:01:06,1025.27,1025.76
GOOG,20131104,12:01:06,1024.88,1025.73
GOOG,20131104,12:01:06,1024.88,1025.73
GOOG,20131104,12:01:06,1024.54,1025.76
GOOG,20131104,12:01:06,1025.28,1025.76
GOOG,20131104,12:01:06,1025.34,1025.72
GOOG,20131104,12:01:06,1024.42,1025.72
GOOG,20131104,12:01:06,1024.42,1029.7
GOOG,20131104,12:01:06,1025.34,1029.82
GOOG,20131104,12:01:06,1025.34,1025.81
GOOG,20131104,12:01:06,1025.34,1025.72
GOOG,20131104,12:01:06,1025.34,1025.71
GOOG,20131104,12:01:06,0,0
GOOG,20131104,12:01:06,0,1025.72
GOOG,20131104,12:01:06,1024.54,1025.76
GOOG,20131104,12:01:06,1024.54,1026.6
GOOG,20131104,12:01:06,1024.54,1025.75
GOOG,20131104,12:01:06,1024.42,1025.71
GOOG,20131104,12:01:06,1024.42,1029.7
GOOG,20131104,12:01:06,1025.34,1025.81
GOOG,20131104,12:01:06,1025.34,1029.82
GOOG,20131104,12:01:06,0,0
GOOG,20131104,12:01:06,1025.34,1025.7
GOOG,20131104,12:01:06,0,1025.71
GOOG,20131104,12:01:06,1025.34,1025.71
GOOG,20131104,12:01:06,1024.54,1025.75
GOOG,20131104,12:01:06,1025.22,1025.75
GOOG,20131104,12:01:06,1025.22,1025.72
GOOG,20131104,12:01:06,1024.42,1025.71
GOOG,20131104,12:01:06,1024.42,1029.7
GOOG,20131104,12:01:06,1025.34,1029.82
GOOG,20131104,12:01:06,0,0
GOOG,20131104,12:01:06,1025.34,1025.81
GOOG,20131104,12:01:06,1025.34,1025.7
GOOG,20131104,12:01:06,0,1025.7
GOOG,20131104,12:01:06,1025.34,1025.7
GOOG,20131104,12:01:06,1025.22,1026.6
GOOG,20131104,12:01:06,1025.22,1025.71
GOOG,20131104,12:01:06,1025.1,1026.4
GOOG,20131104,12:01:06,1025.22,1025.71
GOOG,20131104,12:01:06,1025.23,1025.71
GOOG,20131104,12:01:06,1025.1,1025.7
GOOG,20131104,12:01:07,1025.34,1029.82
GOOG,20131104,12:01:07,1025.34,1025.7
GOOG,20131104,12:01:07,1024.54,1025.71
GOOG,20131104,12:01:07,1025.34,1025.7
GOOG,20131104,12:01:07,1025.34,1025.7
GOOG,20131104,12:01:07,1021.6,1025.7
GOOG,20131104,12:01:07,1024.42,1025.69
GOOG,20131104,12:01:07,1025.34,1025.81
GOOG,20131104,12:01:07,1021.6,1029.82
GOOG,20131104,12:01:07,1025.34,1025.69
GOOG,20131104,12:01:07,0,0
GOOG,20131104,12:01:07,0,1025.69
GOOG,20131104,12:01:07,1025.21,1025.71
GOOG,20131104,12:01:07,1024.42,1029.7
GOOG,20131104,12:01:07,1024.42,1025.68
GOOG,20131104,12:01:07,1025.34,1025.81
GOOG,20131104,12:01:07,1025.34,1025.68
GOOG,20131104,12:01:07,0,0
GOOG,20131104,12:01:07,0,1025.68
GOOG,20131104,12:01:07,1025.21,1026.6
GOOG,20131104,12:01:07,1024.54,1025.7
GOOG,20131104,12:01:07,1024.42,1029.7
GOOG,20131104,12:01:07,1024.42,1025.68
GOOG,20131104,12:01:07,1025.4,1025.68
GOOG,20131104,12:01:07,1024.54,1026.6
GOOG,20131104,12:01:07,1024.42,1029.7
GOOG,20131104,12:01:07,1025.1,1026.4
GOOG,20131104,12:01:07,1025.26,1026.6
GOOG,20131104,12:01:07,1025.26,1025.76
GOOG,20131104,12:01:07,1025.1,1025.68
GOOG,20131104,12:01:08,1025.26,1025.75
GOOG,20131104,12:01:09,1024.54,1025.75
GOOG,20131104,12:01:09,1024.54,1025.74
GOOG,20131104,12:01:12,1025.4,1025.68
GOOG,20131104,12:01:12,1024.54,1026.6
GOOG,20131104,12:01:12,1025.3,1026.6
GOOG,20131104,12:01:12,1024.88,1025.68
GOOG,20131104,12:01:12,1025.3,1025.79
GOOG,20131104,12:01:14,1025.36,1025.68
GOOG,20131104,12:01:14,1025.36,1025.68
GOOG,20131104,12:01:15,1025.36,1025.68
GOOG,20131104,12:01:15,0,1025.68
GOOG,20131104,12:01:15,1025.37,1025.68
GOOG,20131104,12:01:15,0,1025.68
GOOG,20131104,12:01:15,1025.36,1025.68
GOOG,20131104,12:01:16,0,1025.68
GOOG,20131104,12:01:16,1025.37,1025.68
GOOG,20131104,12:01:17,0,1025.68
GOOG,20131104,12:01:17,1025.3,1026.6
GOOG,20131104,12:01:17,1025.34,1026.6
GOOG,20131104,12:01:17,1025.39,1025.68
GOOG,20131104,12:01:18,0,1025.68
GOOG,20131104,12:01:18,1025.38,1025.68
GOOG,20131104,12:01:19,0,1025.68
GOOG,20131104,12:01:19,0,0
GOOG,20131104,12:01:19,1025.4,0
GOOG,20131104,12:01:19,1025.4,1025.69
GOOG,20131104,12:01:19,1024.54,1026.6
GOOG,20131104,12:01:19,1025.35,1026.6
GOOG,20131104,12:01:19,1025.35,1025.83
GOOG,20131104,12:01:19,1024.54,1025.83
GOOG,20131104,12:01:19,1024.54,1026.6
GOOG,20131104,12:01:19,1024.54,1025.81
GOOG,20131104,12:01:20,1025.4,1025.69
GOOG,20131104,12:01:20,1025.4,0
GOOG,20131104,12:01:20,1025.4,1025.69
GOOG,20131104,12:01:22,1025.4,0
GOOG,20131104,12:01:22,1025.4,1025.69
GOOG,20131104,12:01:22,1025.4,1025.69
GOOG,20131104,12:01:22,0,1025.69
GOOG,20131104,12:01:22,1025.4,1025.69
GOOG,20131104,12:01:22,1025.4,1025.69
GOOG,20131104,12:01:22,1025.4,1025.69
GOOG,20131104,12:01:22,0,1025.69
GOOG,20131104,12:01:22,1025.4,1025.69
GOOG,20131104,12:01:24,1025.4,1025.5
GOOG,20131104,12:01:24,1025.4,0
GOOG,20131104,12:01:24,0,0
GOOG,20131104,12:01:24,0,1025.61
GOOG,20131104,12:01:24,1025.35,1025.61
GOOG,20131104,12:01:24,0,1025.61
GOOG,20131104,12:01:24,0,0
GOOG,20131104,12:01:24,1025.26,1025.81
GOOG,20131104,12:01:24,1025.26,1025.73
GOOG,20131104,12:01:24,1024.74,1063.14
GOOG,20131104,12:01:24,1025.23,1025.97
GOOG,20131104,12:01:24,1024.16,1025.97
GOOG,20131104,12:01:24,1024.74,1026.1
GOOG,20131104,12:01:24,1025.26,1025.81
GOOG,20131104,12:01:24,1025.1,1026.1
GOOG,20131104,12:01:24,1025.1,1025.5
GOOG,20131104,12:01:24,0,1025.62
GOOG,20131104,12:01:24,1025.36,1025.62
GOOG,20131104,12:01:24,1025.26,1025.81
GOOG,20131104,12:01:24,1025.3,1025.81
GOOG,20131104,12:01:24,1025.3,1025.78
GOOG,20131104,12:01:24,1025.13,1025.97
GOOG,20131104,12:01:24,1025.36,0
GOOG,20131104,12:01:24,0,0
GOOG,20131104,12:01:24,0,1025.61
GOOG,20131104,12:01:25,1025.35,1025.61
GOOG,20131104,12:01:26,1025.35,0
GOOG,20131104,12:01:27,0,0
GOOG,20131104,12:01:27,0,1025.62
GOOG,20131104,12:01:27,1025.1,1026
GOOG,20131104,12:01:27,1025.33,1025.78
GOOG,20131104,12:01:27,0,0
GOOG,20131104,12:01:27,1025.35,0
GOOG,20131104,12:01:27,1025.33,1025.81
GOOG,20131104,12:01:27,0,0
GOOG,20131104,12:01:27,1025.4,1025.68
GOOG,20131104,12:01:27,1025.5,1025.68
GOOG,20131104,12:01:27,1025.33,1026.3
GOOG,20131104,12:01:27,1025.33,1025.95
GOOG,20131104,12:01:27,1025.39,1025.95
GOOG,20131104,12:01:27,1025.1,1026.1
GOOG,20131104,12:01:27,1025.46,0
GOOG,20131104,12:01:27,1024.9,1025.68
GOOG,20131104,12:01:27,1025.41,1025.68
GOOG,20131104,12:01:27,1025.4,1025.68
GOOG,20131104,12:01:27,0,0
GOOG,20131104,12:01:27,0,1025.71
GOOG,20131104,12:01:27,1025.4,1025.71
GOOG,20131104,12:01:27,1025.39,1025.9
GOOG,20131104,12:01:27,1025.4,1025.9
GOOG,20131104,12:01:27,1025.4,1025.86
GOOG,20131104,12:01:27,1024.16,1025.97
GOOG,20131104,12:01:27,1024.54,1025.86
GOOG,20131104,12:01:27,1024.54,1025.86
GOOG,20131104,12:01:27,1025.4,0
GOOG,20131104,12:01:27,0,0
GOOG,20131104,12:01:27,1024.54,1025.76
GOOG,20131104,12:01:27,1024.16,1025.41
GOOG,20131104,12:01:27,1024.16,1025.97
GOOG,20131104,12:01:27,1024.54,1025.79
GOOG,20131104,12:01:27,1021.6,1025.68
GOOG,20131104,12:01:27,1024.54,1025.79
GOOG,20131104,12:01:27,1021.6,1029.82
GOOG,20131104,12:01:27,1025.4,1025.68
GOOG,20131104,12:01:27,1025.38,1025.68
GOOG,20131104,12:01:27,1025.38,1025.4
GOOG,20131104,12:01:27,1025.34,1025.4
GOOG,20131104,12:01:27,1025.31,1025.4
GOOG,20131104,12:01:27,1025.27,1025.4
GOOG,20131104,12:01:27,1024.54,1025.69
GOOG,20131104,12:01:27,1024.9,1025.34
GOOG,20131104,12:01:27,1024.54,1025.66
GOOG,20131104,12:01:27,1025.06,1025.66
GOOG,20131104,12:01:27,1025.06,1025.53
GOOG,20131104,12:01:27,1024.9,1025.68
GOOG,20131104,12:01:27,1025.27,1025.68
GOOG,20131104,12:01:27,1025.4,1025.68
GOOG,20131104,12:01:27,1025.28,1025.68
GOOG,20131104,12:01:27,1021.6,1025.67
GOOG,20131104,12:01:27,1025.06,1025.68
GOOG,20131104,12:01:27,1025.06,1025.68
GOOG,20131104,12:01:27,1025.06,1025.89
GOOG,20131104,12:01:27,1025.06,1025.89
GOOG,20131104,12:01:27,1024.42,1025.67
GOOG,20131104,12:01:27,1024.42,1029.7
GOOG,20131104,12:01:27,1021.6,1029.82
GOOG,20131104,12:01:27,1024.88,1025.68
GOOG,20131104,12:01:27,1025.06,1025.83
GOOG,20131104,12:01:27,1025.28,0
GOOG,20131104,12:01:27,1025.28,1025.68
GOOG,20131104,12:01:27,1025.28,1025.68
GOOG,20131104,12:01:27,1025.28,0
GOOG,20131104,12:01:27,0,0
GOOG,20131104,12:01:27,1021.6,1025.67
GOOG,20131104,12:01:27,1024.42,1025.67
GOOG,20131104,12:01:27,1025.26,0
GOOG,20131104,12:01:27,1025.26,1025.68
GOOG,20131104,12:01:27,989.76,1026.1
GOOG,20131104,12:01:27,1024.42,1029.7
GOOG,20131104,12:01:27,1024.67,1026.1
GOOG,20131104,12:01:27,0,1025.68
GOOG,20131104,12:01:27,1025.21,1025.68
GOOG,20131104,12:01:27,1025.21,1025.68
GOOG,20131104,12:01:27,1025.06,1025.79
GOOG,20131104,12:01:27,1025.18,1025.79
GOOG,20131104,12:01:27,1024.93,1025.97
GOOG,20131104,12:01:27,1025.18,1025.68
GOOG,20131104,12:01:28,1021.6,1029.82
GOOG,20131104,12:01:28,1025.21,0
GOOG,20131104,12:01:28,1025.21,1025.61
GOOG,20131104,12:01:28,0,1025.61
GOOG,20131104,12:01:28,1025.01,1025.61
GOOG,20131104,12:01:28,1025.01,1025.68
GOOG,20131104,12:01:28,1024.47,1025.68
GOOG,20131104,12:01:28,1024.93,1025.97
GOOG,20131104,12:01:28,1024.47,1025.68
GOOG,20131104,12:01:28,1025.1,1025.68
GOOG,20131104,12:01:28,1025.1,1025.64
GOOG,20131104,12:01:28,1025.1,1029.82
GOOG,20131104,12:01:28,1025.01,0
GOOG,20131104,12:01:28,1025.01,1025.46
GOOG,20131104,12:01:28,989.76,1026.1
GOOG,20131104,12:01:28,1024.41,1026.1
GOOG,20131104,12:01:28,1024.96,1025.68
GOOG,20131104,12:01:28,0,1025.46
GOOG,20131104,12:01:28,1025,1025.46
GOOG,20131104,12:01:28,1025.1,1025.68
GOOG,20131104,12:01:28,1025.1,1025.6
GOOG,20131104,12:01:28,1025.1,1026.3
GOOG,20131104,12:01:28,1025.1,1025.58
GOOG,20131104,12:01:28,1025.1,1025.68
GOOG,20131104,12:01:28,1025.1,1025.57
GOOG,20131104,12:01:28,1025.1,1025.68
GOOG,20131104,12:01:28,1025.1,1025.56
GOOG,20131104,12:01:28,1024.33,1025.68
GOOG,20131104,12:01:28,1025.1,1025.56
GOOG,20131104,12:01:28,1024.96,1025.51
GOOG,20131104,12:01:28,1025.1,1025.56
GOOG,20131104,12:01:28,1025.1,1025.56
GOOG,20131104,12:01:28,0,1025.46
GOOG,20131104,12:01:28,0,0
GOOG,20131104,12:01:28,1025,0
GOOG,20131104,12:01:28,1025,1025.46
GOOG,20131104,12:01:28,0,1025.46
GOOG,20131104,12:01:28,1025.1,1025.46
GOOG,20131104,12:01:28,1025.1,1025.63
GOOG,20131104,12:01:28,1025.1,1025.63
GOOG,20131104,12:01:28,1025.1,1025.63
GOOG,20131104,12:01:28,0,1025.46
GOOG,20131104,12:01:28,1025.1,1025.46
GOOG,20131104,12:01:28,1025.1,1025.58
GOOG,20131104,12:01:28,0,1025.46
GOOG,20131104,12:01:28,1025.1,1025.46
GOOG,20131104,12:01:28,1025.1,1025.57
GOOG,20131104,12:01:28,0,1025.46
GOOG,20131104,12:01:28,1025.07,1025.46
GOOG,20131104,12:01:28,0,1025.46
GOOG,20131104,12:01:28,1025.08,1025.46
GOOG,20131104,12:01:28,0,1025.46
GOOG,20131104,12:01:28,1025.08,1025.46
GOOG,20131104,12:01:29,0,1025.46
GOOG,20131104,12:01:29,1025.07,1025.46
GOOG,20131104,12:01:29,0,1025.46
GOOG,20131104,12:01:30,1025.07,1025.46
GOOG,20131104,12:01:30,1025.1,1025.63
GOOG,20131104,12:01:30,1025.1,1025.56
GOOG,20131104,12:01:30,1025.07,1025.46
GOOG,20131104,12:01:30,0,1025.46
GOOG,20131104,12:01:30,1025.07,1025.46
GOOG,20131104,12:01:30,1025.07,1025.46
GOOG,20131104,12:01:30,0,1025.46
GOOG,20131104,12:01:30,1025.07,1025.46
GOOG,20131104,12:01:30,1025.1,1025.63
GOOG,20131104,12:01:30,1025.1,1025.55
GOOG,20131104,12:01:30,0,1025.46
GOOG,20131104,12:01:30,1025.07,1025.46
GOOG,20131104,12:01:30,0,1025.46
GOOG,20131104,12:01:30,1025.07,1025.46
GOOG,20131104,12:01:30,0,1025.46
GOOG,20131104,12:01:30,1025.07,1025.46
GOOG,20131104,12:01:30,0,1025.46
GOOG,20131104,12:01:30,1025.07,1025.46
GOOG,20131104,12:01:30,0,1025.46
GOOG,20131104,12:01:30,1025.08,1025.46
GOOG,20131104,12:01:30,0,1025.46
GOOG,20131104,12:01:30,1025.08,1025.46
GOOG,20131104,12:01:30,0,1025.46
GOOG,20131104,12:01:30,1021.6,1029.82
GOOG,20131104,12:01:30,1025.1,1025.64
GOOG,20131104,12:01:30,1025.12,1025.64
GOOG,20131104,12:01:30,0,0
GOOG,20131104,12:01:30,0,1025.46
GOOG,20131104,12:01:30,0,0
GOOG,20131104,12:01:30,1025.06,0
GOOG,20131104,12:01:30,1025.1,1029.82
GOOG,20131104,12:01:30,1024.21,1025.64
GOOG,20131104,12:01:30,1024.21,1025.64
GOOG,20131104,12:01:30,989.76,1025.64
GOOG,20131104,12:01:30,989.76,1026.1
GOOG,20131104,12:01:30,989.76,1025.64
GOOG,20131104,12:01:30,989.76,1025.63
GOOG,20131104,12:01:30,1025.06,1025.47
GOOG,20131104,12:01:30,0,1025.47
GOOG,20131104,12:01:30,1025.05,1025.47
GOOG,20131104,12:01:31,989.76,1025.63
GOOG,20131104,12:01:31,0,1025.47
GOOG,20131104,12:01:31,1025.04,1025.47
GOOG,20131104,12:01:32,0,1025.47
GOOG,20131104,12:01:32,1025.05,1025.47
GOOG,20131104,12:01:32,0,1025.47
GOOG,20131104,12:01:32,1025.1,1025.63
GOOG,20131104,12:01:32,1025.1,1025.57
GOOG,20131104,12:01:32,1024.33,1025.5
GOOG,20131104,12:01:32,1025.08,1025.47
GOOG,20131104,12:01:32,0,1025.47
GOOG,20131104,12:01:32,1025.05,1025.47
GOOG,20131104,12:01:32,0,1025.47
GOOG,20131104,12:01:32,1025.1,1025.55
GOOG,20131104,12:01:32,1025.07,1025.47
GOOG,20131104,12:01:32,1025.07,1025.47
GOOG,20131104,12:01:32,0,1025.47
GOOG,20131104,12:01:32,989.76,1025.55
GOOG,20131104,12:01:32,989.76,1025.63
GOOG,20131104,12:01:32,989.76,1025.54
GOOG,20131104,12:01:32,1025.07,1025.47
GOOG,20131104,12:01:32,0,1025.47
GOOG,20131104,12:01:32,1025.08,1025.54
GOOG,20131104,12:01:32,1025.05,1025.47
GOOG,20131104,12:01:32,0,1025.47
GOOG,20131104,12:01:32,1025.06,1025.47
GOOG,20131104,12:01:32,1025.08,1025.54
GOOG,20131104,12:01:33,0,1025.47
GOOG,20131104,12:01:33,1025.06,1025.47
GOOG,20131104,12:01:33,1025.06,0
GOOG,20131104,12:01:33,1025.06,1025.46
GOOG,20131104,12:01:33,1025.08,1025.62
GOOG,20131104,12:01:33,1025.1,1025.62
GOOG,20131104,12:01:33,1024.33,1025.46
GOOG,20131104,12:01:33,1025.1,1025.62
GOOG,20131104,12:01:33,1025.1,1025.62
GOOG,20131104,12:01:33,1024.96,1025.46
GOOG,20131104,12:01:33,0,1025.46
GOOG,20131104,12:01:33,1025.05,1025.46
GOOG,20131104,12:01:33,1025.1,1025.58
GOOG,20131104,12:01:33,1021.6,1029.82
GOOG,20131104,12:01:33,1025.1,1025.58
GOOG,20131104,12:01:33,0,1025.46
GOOG,20131104,12:01:33,1025.06,1025.46
GOOG,20131104,12:01:33,0,1025.46
GOOG,20131104,12:01:33,1025.05,1025.46
GOOG,20131104,12:01:35,1025.38,1026.1
GOOG,20131104,12:01:35,1025.1,1026.1
GOOG,20131104,12:01:35,0,1025.46
GOOG,20131104,12:01:35,1025.08,1025.46
GOOG,20131104,12:01:35,989.76,1025.62
GOOG,20131104,12:01:35,1025.17,1025.62
GOOG,20131104,12:01:35,989.76,1025.62
GOOG,20131104,12:01:35,0,1025.46
GOOG,20131104,12:01:35,1025.09,1025.46
GOOG,20131104,12:01:35,1024.93,1025.74
GOOG,20131104,12:01:35,1025.1,1025.62
GOOG,20131104,12:01:35,1025.1,1025.57
GOOG,20131104,12:01:35,0,1025.46
GOOG,20131104,12:01:35,1025.1,1025.46
GOOG,20131104,12:01:35,0,1025.46
GOOG,20131104,12:01:35,1025.09,1025.46
GOOG,20131104,12:01:35,1025.09,1025.46
GOOG,20131104,12:01:35,1025.09,1025.46
GOOG,20131104,12:01:35,0,1025.46
GOOG,20131104,12:01:35,1025.09,1025.46
GOOG,20131104,12:01:35,0,1025.46
GOOG,20131104,12:01:35,1025.09,1025.46
GOOG,20131104,12:01:37,1025.09,1025.46
GOOG,20131104,12:01:37,1025.09,1025.46
GOOG,20131104,12:01:37,1025.09,1025.46
GOOG,20131104,12:01:37,1024.93,1025.49
GOOG,20131104,12:01:37,0,1025.46
GOOG,20131104,12:01:37,1025.06,1025.46
GOOG,20131104,12:01:37,1025.1,1025.54
GOOG,20131104,12:01:38,0,1025.46
GOOG,20131104,12:01:38,1025.07,1025.46
GOOG,20131104,12:01:38,1024.5,1026.1
GOOG,20131104,12:01:38,1024.96,1025.41
GOOG,20131104,12:01:38,0,1025.46
GOOG,20131104,12:01:38,0,0
GOOG,20131104,12:01:38,0,1025.41
GOOG,20131104,12:01:38,1024.3,1025.54
GOOG,20131104,12:01:38,1024.3,1025.52
GOOG,20131104,12:01:38,1024.33,1025.41
GOOG,20131104,12:01:38,1025.04,1025.41
GOOG,20131104,12:01:38,1024.96,1025.41
GOOG,20131104,12:01:38,1025.09,1025.52
GOOG,20131104,12:01:38,1025.09,1025.52
GOOG,20131104,12:01:38,1024.33,1025.41
GOOG,20131104,12:01:40,1024.96,1025.41
GOOG,20131104,12:01:40,1024.3,1025.52
GOOG,20131104,12:01:40,1024.96,1025.4
GOOG,20131104,12:01:40,1024.33,1025.41
GOOG,20131104,12:01:40,0,1025.41
GOOG,20131104,12:01:40,1024.3,1025.52
GOOG,20131104,12:01:40,0,0
GOOG,20131104,12:01:40,0,1025.4
GOOG,20131104,12:01:40,1024.3,1025.49
GOOG,20131104,12:01:40,1024.33,1025.4
GOOG,20131104,12:01:40,1025.03,1025.4
GOOG,20131104,12:01:40,1024.96,1025.4
GOOG,20131104,12:01:40,0,1025.4
GOOG,20131104,12:01:40,1025.04,1025.4
GOOG,20131104,12:01:40,0,1025.4
GOOG,20131104,12:01:42,1025.04,1025.4
GOOG,20131104,12:01:43,1025.05,1025.49
GOOG,20131104,12:01:43,0,1025.4
GOOG,20131104,12:01:43,1025.03,1025.4
GOOG,20131104,12:01:43,1024.96,1025.4
GOOG,20131104,12:01:43,1025.05,1025.62
GOOG,20131104,12:01:43,1024.96,1025.39
GOOG,20131104,12:01:43,1025.05,1025.48
GOOG,20131104,12:01:43,1024.3,1025.48
GOOG,20131104,12:01:43,0,1025.4
GOOG,20131104,12:01:43,0,0
GOOG,20131104,12:01:43,0,1025.39
GOOG,20131104,12:01:43,1025.04,1025.39
GOOG,20131104,12:01:43,1024.33,1025.41
GOOG,20131104,12:01:43,1025.1,1025.39
GOOG,20131104,12:01:43,0,1025.39
GOOG,20131104,12:01:43,1024.33,1025.39
GOOG,20131104,12:01:43,1025.03,1025.39
GOOG,20131104,12:01:44,1024.33,1025.39
GOOG,20131104,12:01:44,1025.03,1025.39
GOOG,20131104,12:01:44,1025.04,1025.48
GOOG,20131104,12:01:44,1025.04,1025.48
GOOG,20131104,12:01:46,1025.03,1025.39
GOOG,20131104,12:01:46,0,1025.39
GOOG,20131104,12:01:46,1024.3,1025.48
GOOG,20131104,12:01:46,1024.3,1025.45
GOOG,20131104,12:01:46,1024.3,1025.45
GOOG,20131104,12:01:46,1025,1025.39
GOOG,20131104,12:01:47,0,1025.39
GOOG,20131104,12:01:47,0,0
GOOG,20131104,12:01:47,1024.99,1025.45
GOOG,20131104,12:01:47,1024.99,1025.42
GOOG,20131104,12:01:47,0,1025.39
GOOG,20131104,12:01:47,1025,1025.39
GOOG,20131104,12:01:47,1025,1025.39
GOOG,20131104,12:01:47,1025,1025.39
GOOG,20131104,12:01:47,0,1025.39
GOOG,20131104,12:01:47,1025,1025.39
GOOG,20131104,12:01:47,1025,1025.39
GOOG,20131104,12:01:47,1025,1025.39
GOOG,20131104,12:01:47,1024.5,1025.39
GOOG,20131104,12:01:47,0,1025.39
GOOG,20131104,12:01:47,1024.3,1025.42
GOOG,20131104,12:01:47,1024.95,1025.39
GOOG,20131104,12:01:47,0,1025.39
GOOG,20131104,12:01:47,1024.3,1025.62
GOOG,20131104,12:01:47,1024.3,1025.39
GOOG,20131104,12:01:47,1024.3,1025.39
GOOG,20131104,12:01:47,1024.3,1025.39
GOOG,20131104,12:01:47,1024.93,1025.49
GOOG,20131104,12:01:47,1024.92,1025.39
GOOG,20131104,12:01:47,1024.96,1025.39
GOOG,20131104,12:01:47,1024.3,1025.39
GOOG,20131104,12:01:47,1024.91,1025.39
GOOG,20131104,12:01:47,1024.89,1025.39
GOOG,20131104,12:01:47,0,1025.39
GOOG,20131104,12:01:47,1024.89,1025.39
GOOG,20131104,12:01:47,1024.91,1025.39
GOOG,20131104,12:01:47,0,1025.39
GOOG,20131104,12:01:47,1024.88,1025.39
GOOG,20131104,12:01:47,0,1025.39
GOOG,20131104,12:01:47,0,0
GOOG,20131104,12:01:48,1024.92,0
GOOG,20131104,12:01:48,1024.92,1025.39
GOOG,20131104,12:01:48,1024.3,1025.39
GOOG,20131104,12:01:48,1024.94,1025.39
GOOG,20131104,12:01:48,1024.85,1025.39
GOOG,20131104,12:01:48,1024.49,1025.49
GOOG,20131104,12:01:48,1024.94,1025.39
GOOG,20131104,12:01:48,0,1025.39
GOOG,20131104,12:01:48,1024.3,1025.39
GOOG,20131104,12:01:48,1024.9,1025.39
GOOG,20131104,12:01:48,1024.13,1025.39
GOOG,20131104,12:01:48,0,1025.39
GOOG,20131104,12:01:48,1024.08,1025.39
GOOG,20131104,12:01:48,1023.98,1025.39
GOOG,20131104,12:01:48,1023.89,1025.39
GOOG,20131104,12:01:48,1024.89,1025.39
GOOG,20131104,12:01:48,1024.73,1025.49
GOOG,20131104,12:01:48,0,1025.39
GOOG,20131104,12:01:48,1024.9,1025.39
GOOG,20131104,12:01:48,1023.8,1025.39
GOOG,20131104,12:01:48,0,1025.39
GOOG,20131104,12:01:48,1023.93,1025.39
GOOG,20131104,12:01:48,1024.13,1025.39
GOOG,20131104,12:01:48,1024.92,1025.39
GOOG,20131104,12:01:48,1024.92,1025.39
GOOG,20131104,12:01:50,1024.85,1025.39
GOOG,20131104,12:01:50,1024.5,1026.1
GOOG,20131104,12:01:50,1024.94,1025.39
GOOG,20131104,12:01:50,1024.93,1025.39
GOOG,20131104,12:01:50,1024.94,1025.39
GOOG,20131104,12:01:50,1024.13,1025.39
GOOG,20131104,12:01:50,1024.93,1025.39
GOOG,20131104,12:01:50,1024.93,1025.39
GOOG,20131104,12:01:50,1024.94,0
GOOG,20131104,12:01:50,0,0
GOOG,20131104,12:01:50,1024.95,0
GOOG,20131104,12:01:50,1024.94,1025.39
GOOG,20131104,12:01:50,1024.94,1025.39
GOOG,20131104,12:01:50,0,0
GOOG,20131104,12:01:50,1024.94,0
GOOG,20131104,12:01:50,1024.94,1025.39
GOOG,20131104,12:01:50,0,0
GOOG,20131104,12:01:50,1024.95,0
GOOG,20131104,12:01:50,1024.95,1025.39
GOOG,20131104,12:01:50,1024.95,1025.39
GOOG,20131104,12:01:50,1024.95,1025.39
GOOG,20131104,12:01:52,0,0
GOOG,20131104,12:01:52,1024.95,0
GOOG,20131104,12:01:53,0,0
GOOG,20131104,12:01:53,1024.96,0
GOOG,20131104,12:01:53,1024.96,1025.39
GOOG,20131104,12:01:53,1024.96,1025.39
GOOG,20131104,12:01:53,1024.96,1025.39
GOOG,20131104,12:01:53,1024.96,1025.39
GOOG,20131104,12:01:53,1024.96,1025.39
GOOG,20131104,12:01:54,1024.96,0
GOOG,20131104,12:01:54,1024.73,1025.51
GOOG,20131104,12:01:54,1024.3,1025.62
GOOG,20131104,12:01:54,1024.99,1025.62
GOOG,20131104,12:01:54,1024.99,1025.62
GOOG,20131104,12:01:54,1024.3,1025.62
GOOG,20131104,12:01:54,1024.3,1025.62
GOOG,20131104,12:01:54,1024.85,1025.39
GOOG,20131104,12:01:54,1024.96,0
GOOG,20131104,12:01:54,1024.97,1025.62
GOOG,20131104,12:01:54,1024.97,1025.41
GOOG,20131104,12:01:54,1024.85,1025.29
GOOG,20131104,12:01:54,1024.3,1025.41
GOOG,20131104,12:01:54,1024.5,1026.4
GOOG,20131104,12:01:54,1024.5,1063.14
GOOG,20131104,12:01:54,1024.13,1025.29
GOOG,20131104,12:01:54,0,0
GOOG,20131104,12:01:54,1024.94,0
GOOG,20131104,12:01:54,1024.5,1025.89
GOOG,20131104,12:01:54,1024.5,1025.89
GOOG,20131104,12:01:54,1024.94,0
GOOG,20131104,12:01:54,1024.85,1025.29
GOOG,20131104,12:01:54,1024.91,1025.41
GOOG,20131104,12:01:54,1024.91,1025.35
GOOG,20131104,12:01:54,1024.85,1025.29
GOOG,20131104,12:01:54,0,0
GOOG,20131104,12:01:54,1024.85,1025.25
GOOG,20131104,12:01:54,1024.3,1025.35
GOOG,20131104,12:01:54,1024.3,1025.35
GOOG,20131104,12:01:54,1024.92,0
GOOG,20131104,12:01:54,0,0
GOOG,20131104,12:01:54,1024.13,1025.39
GOOG,20131104,12:01:54,1024.5,1025.25
GOOG,20131104,12:01:54,1024.13,1025.25
GOOG,20131104,12:01:54,1024.3,1025.35
GOOG,20131104,12:01:55,1024.3,1025.35
GOOG,20131104,12:01:55,1024.3,1025.35
GOOG,20131104,12:01:55,1024.73,1025.32
GOOG,20131104,12:01:55,1024.91,0
GOOG,20131104,12:01:55,1024.88,1025.35
GOOG,20131104,12:01:55,1024.88,1025.31
GOOG,20131104,12:01:55,0,0
GOOG,20131104,12:01:55,1024.91,0
GOOG,20131104,12:01:55,0,0
GOOG,20131104,12:01:55,1024.9,0
GOOG,20131104,12:01:55,1024.9,0
GOOG,20131104,12:01:55,0,0
GOOG,20131104,12:01:56,1024.91,0
GOOG,20131104,12:01:56,0,0
GOOG,20131104,12:01:56,1024.93,0
GOOG,20131104,12:01:56,0,0
GOOG,20131104,12:01:56,1024.92,0
GOOG,20131104,12:01:56,0,0
GOOG,20131104,12:01:56,1024.91,0
GOOG,20131104,12:01:58,0,0
GOOG,20131104,12:01:58,1024.92,0
GOOG,20131104,12:01:58,1024.85,1025.29
GOOG,20131104,12:01:58,1024.5,1025.89
GOOG,20131104,12:01:58,1024.92,0
GOOG,20131104,12:01:58,0,0
GOOG,20131104,12:01:58,1024.13,1025.29
GOOG,20131104,12:01:58,1024.88,1025.31
GOOG,20131104,12:01:58,1024.93,0
GOOG,20131104,12:01:58,1024.88,1025.31
GOOG,20131104,12:01:58,1024.93,0
GOOG,20131104,12:01:58,1024.93,0
GOOG,20131104,12:01:58,0,0
GOOG,20131104,12:01:58,1024.94,0
GOOG,20131104,12:01:58,0,0
GOOG,20131104,12:01:58,1024.88,1026.09
GOOG,20131104,12:01:58,1024.3,1026.09
GOOG,20131104,12:01:58,1024.94,1026.09
GOOG,20131104,12:01:58,1024.13,1025.92
GOOG,20131104,12:01:58,1024.94,1025.48
GOOG,20131104,12:01:58,1025.27,1025.29
GOOG,20131104,12:01:58,1024.95,1025.29
GOOG,20131104,12:01:58,1024.95,1025.29
GOOG,20131104,12:01:58,1024.94,1026.09
GOOG,20131104,12:01:58,1024.94,1026.09
GOOG,20131104,12:01:58,1024.5,1025.27
GOOG,20131104,12:01:58,1024.13,1025.27
GOOG,20131104,12:01:58,1024.5,1025.89
GOOG,20131104,12:01:58,1024.13,1025.92
GOOG,20131104,12:01:58,1024.73,1025.51
GOOG,20131104,12:01:58,1024.94,1025.48
GOOG,20131104,12:01:58,1024.73,1025.52
GOOG,20131104,12:01:58,1024.13,1026.12
GOOG,20131104,12:01:58,1024.13,1025.89
GOOG,20131104,12:01:58,1024.67,1025.89
GOOG,20131104,12:01:58,1025,1025.48
GOOG,20131104,12:01:58,1025,0
GOOG,20131104,12:01:58,1024.67,1025.89
GOOG,20131104,12:01:58,1024.67,1025.89
GOOG,20131104,12:01:58,1024.67,1025.89
GOOG,20131104,12:01:58,1025,1029.82
GOOG,20131104,12:01:58,1024.62,1025.89
GOOG,20131104,12:01:58,1024.52,1025.89
GOOG,20131104,12:01:58,1024.13,1025.89
GOOG,20131104,12:01:58,1024.85,1025.29
GOOG,20131104,12:01:58,1025,1025.48
GOOG,20131104,12:01:59,1024.73,1025.74
GOOG,20131104,12:01:59,1024.85,1025.3
GOOG,20131104,12:01:59,1024.73,1025.97
GOOG,20131104,12:02:00,1024.85,1025.39
GOOG,20131104,12:02:00,0,0
GOOG,20131104,12:02:00,1025,0
GOOG,20131104,12:02:00,0,0
GOOG,20131104,12:02:00,1021.6,1029.82
GOOG,20131104,12:02:00,1025,1025.48
GOOG,20131104,12:02:00,1025.01,1025.48
GOOG,20131104,12:02:00,1025.01,1025.39
GOOG,20131104,12:02:00,1025.01,1025.53
GOOG,20131104,12:02:00,1025.01,1025.89
GOOG,20131104,12:02:00,1025.01,0
GOOG,20131104,12:02:00,1025.01,1025.85
GOOG,20131104,12:02:00,1025.01,1025.85
GOOG,20131104,12:02:00,1025.01,1025.89
GOOG,20131104,12:02:00,1025.01,1026.41
GOOG,20131104,12:02:00,1025.01,1025.85
GOOG,20131104,12:02:00,1024.5,1026.4
GOOG,20131104,12:02:00,1024.5,1063.14
GOOG,20131104,12:02:00,1025.01,1026.41
GOOG,20131104,12:02:00,1025.01,1026.41
GOOG,20131104,12:02:00,1025.01,1029.82
GOOG,20131104,12:02:00,1024.5,1026.39
GOOG,20131104,12:02:00,1024.5,1026.39
GOOG,20131104,12:02:00,1025.01,1025.71
GOOG,20131104,12:02:00,1024.73,1025.97
GOOG,20131104,12:02:00,1024.83,1025.97
GOOG,20131104,12:02:00,1024.83,1026.04
GOOG,20131104,12:02:00,1024.86,1025.85
GOOG,20131104,12:02:00,1025.01,1025.71
GOOG,20131104,12:02:00,1024.41,1026.41
GOOG,20131104,12:02:00,1024.13,1026.41
GOOG,20131104,12:02:00,1024.41,1026.41
GOOG,20131104,12:02:00,1025.01,1026.59
GOOG,20131104,12:02:00,1025.01,1025.67
GOOG,20131104,12:02:00,1024.13,1026.41
GOOG,20131104,12:02:00,1025.01,1026.59
GOOG,20131104,12:02:00,1025.01,1026.59
GOOG,20131104,12:02:00,1025.01,1025.68
GOOG,20131104,12:02:00,1024.83,1026.37
GOOG,20131104,12:02:00,1024.86,1025.91
GOOG,20131104,12:02:03,1024.13,1025.73
GOOG,20131104,12:02:03,0,0
GOOG,20131104,12:02:03,1025,0
GOOG,20131104,12:02:03,1024.3,1025.68
GOOG,20131104,12:02:03,1021.6,1029.82
GOOG,20131104,12:02:05,1025,1025.68
GOOG,20131104,12:02:09,1024.83,1026.13
GOOG,20131104,12:02:15,1025,1026.59
GOOG,20131104,12:02:15,1025,1025.67
GOOG,20131104,12:02:15,1025,1026.59
GOOG,20131104,12:02:17,1025,1025.69
GOOG,20131104,12:02:17,1025.29,1025.91
GOOG,20131104,12:02:17,0,0
GOOG,20131104,12:02:17,1025.26,0
GOOG,20131104,12:02:17,1025,1025.69
GOOG,20131104,12:02:17,1025,1026.59
GOOG,20131104,12:02:17,1025.26,1026.59
GOOG,20131104,12:02:17,0,0
GOOG,20131104,12:02:17,1024.69,1025.73
GOOG,20131104,12:02:17,1024.69,1025.73
GOOG,20131104,12:02:17,1025.26,1025.91
GOOG,20131104,12:02:17,1025.29,0
GOOG,20131104,12:02:17,0,0
GOOG,20131104,12:02:17,1025.26,0
GOOG,20131104,12:02:17,1025.28,1025.91
GOOG,20131104,12:02:17,1025.28,1025.75
GOOG,20131104,12:02:17,1025.28,1025.75
GOOG,20131104,12:02:18,0,0
GOOG,20131104,12:02:18,1025.27,0
GOOG,20131104,12:02:18,0,0
GOOG,20131104,12:02:18,1024.69,1026.41
GOOG,20131104,12:02:18,1025.28,0
GOOG,20131104,12:02:18,1025.29,1025.75
GOOG,20131104,12:02:18,1025.29,1025.75
GOOG,20131104,12:02:18,1025.29,1029.82
GOOG,20131104,12:02:18,1025.29,1025.8
GOOG,20131104,12:02:18,1025.29,1025.75
GOOG,20131104,12:02:20,1025.28,0
GOOG,20131104,12:02:22,1024.76,1026.13
GOOG,20131104,12:02:26,1024.3,1025.75
GOOG,20131104,12:02:26,1024.3,1025.72
GOOG,20131104,12:02:26,1024.3,1025.72
GOOG,20131104,12:02:27,1024.3,1025.72
GOOG,20131104,12:02:27,0,0
GOOG,20131104,12:02:27,1025.29,0
GOOG,20131104,12:02:27,1024.3,1025.8
GOOG,20131104,12:02:27,1025.29,1025.8
GOOG,20131104,12:02:27,1025.29,1025.8
GOOG,20131104,12:02:27,1025.29,1025.8
GOOG,20131104,12:02:29,1025.29,1025.91
GOOG,20131104,12:02:29,1025.29,1025.91
GOOG,20131104,12:02:29,1025.29,1025.77
GOOG,20131104,12:02:29,1025.29,1025.77
GOOG,20131104,12:02:32,1025.29,0
GOOG,20131104,12:02:32,1025.29,1025.74
GOOG,20131104,12:02:32,1025.29,0
GOOG,20131104,12:02:32,0,0
GOOG,20131104,12:02:33,1025.29,1025.91
GOOG,20131104,12:02:33,1025.29,1025.91
GOOG,20131104,12:02:33,1025.29,0
GOOG,20131104,12:02:33,1025.29,0
GOOG,20131104,12:02:33,1025.29,1025.81
GOOG,20131104,12:02:33,0,0
GOOG,20131104,12:02:33,1025.29,1029.82
GOOG,20131104,12:02:33,1025.29,1025.91
GOOG,20131104,12:02:33,1025.3,1026.13
GOOG,20131104,12:02:33,1025.29,1029.82
GOOG,20131104,12:02:33,1025.3,1025.91
GOOG,20131104,12:02:33,1021.6,1029.82
GOOG,20131104,12:02:33,1025.3,1029.82
GOOG,20131104,12:02:33,1024.69,1026.67
GOOG,20131104,12:02:33,1024.7,1026.67
GOOG,20131104,12:02:33,1025.3,0
GOOG,20131104,12:02:33,1025.31,1025.91
GOOG,20131104,12:02:33,1025.3,1025.9
GOOG,20131104,12:02:33,1025.3,1029.82
GOOG,20131104,12:02:33,1021.6,1029.82
GOOG,20131104,12:02:33,1025.3,1025.96
GOOG,20131104,12:02:33,1024.3,1025.95
GOOG,20131104,12:02:33,1025.31,1025.96
GOOG,20131104,12:02:33,1025.31,1025.96
GOOG,20131104,12:02:33,0,0
GOOG,20131104,12:02:33,1024.42,1025.9
GOOG,20131104,12:02:33,1025.31,0
GOOG,20131104,12:02:33,1024.42,1029.7
GOOG,20131104,12:02:33,1024.42,1025.9
GOOG,20131104,12:02:33,1025.31,1025.96
GOOG,20131104,12:02:33,1025.31,1029.82
GOOG,20131104,12:02:33,1025.03,1026.13
GOOG,20131104,12:02:33,1025.03,1026.43
GOOG,20131104,12:02:33,1024.5,1026.67
GOOG,20131104,12:02:33,1023.87,1026.67
GOOG,20131104,12:02:33,1024.5,1026.67
GOOG,20131104,12:02:33,1024.43,1026.67
GOOG,20131104,12:02:33,1025.29,1025.91
GOOG,20131104,12:02:33,1023.95,1026.39
GOOG,20131104,12:02:33,1025.31,1025.93
GOOG,20131104,12:02:33,1025.03,1026.76
GOOG,20131104,12:02:33,989.76,1026.39
GOOG,20131104,12:02:33,1025.31,1025.93
GOOG,20131104,12:02:33,1024.71,1026.39
GOOG,20131104,12:02:33,1024.71,1026.39
GOOG,20131104,12:02:33,1024.71,1026.67
GOOG,20131104,12:02:33,1025.31,1025.93
GOOG,20131104,12:02:33,1024.42,1029.7
GOOG,20131104,12:02:33,1024.71,1026.51
GOOG,20131104,12:02:33,1024.71,1026.67
GOOG,20131104,12:02:33,1024.71,1026.51
GOOG,20131104,12:02:33,1024.71,1026.51
GOOG,20131104,12:02:33,1025.13,1026.76
GOOG,20131104,12:02:33,1025.31,1025.93
GOOG,20131104,12:02:33,1024.71,1026.67
GOOG,20131104,12:02:33,1024.71,1026.67
GOOG,20131104,12:02:33,1024.43,1026.67
GOOG,20131104,12:02:34,1025.13,1025.86
GOOG,20131104,12:02:34,1025.31,1025.92
GOOG,20131104,12:02:34,1024.43,1026.66
GOOG,20131104,12:02:34,1025.31,1025.91
GOOG,20131104,12:02:34,1025.29,1025.91
GOOG,20131104,12:02:34,1025.31,1025.93
GOOG,20131104,12:02:35,1025.31,1025.92
GOOG,20131104,12:02:37,1025.31,1025.93
GOOG,20131104,12:02:37,1025.31,1025.88
GOOG,20131104,12:02:38,1025.31,1025.87
GOOG,20131104,12:02:38,1025.31,1025.93
GOOG,20131104,12:02:38,1025.31,1025.86
GOOG,20131104,12:02:38,1025.31,1025.93
GOOG,20131104,12:02:39,0,0
GOOG,20131104,12:02:39,1025.31,0
GOOG,20131104,12:02:39,1025.31,1025.88
GOOG,20131104,12:02:43,1025.31,1025.93
GOOG,20131104,12:02:43,0,0
GOOG,20131104,12:02:43,1025.29,0
GOOG,20131104,12:02:43,1025.31,1025.92
GOOG,20131104,12:02:43,1024.51,1025.92
GOOG,20131104,12:02:43,1021.6,1029.82
GOOG,20131104,12:02:43,1025.29,1029.82
GOOG,20131104,12:02:43,1024.69,1026.66
GOOG,20131104,12:02:43,1024.69,1026.66
GOOG,20131104,12:02:43,1025.29,1025.92
GOOG,20131104,12:02:43,1025.29,1025.93
GOOG,20131104,12:02:43,1024.8,1025.86
GOOG,20131104,12:02:43,1025.29,1025.92
GOOG,20131104,12:02:43,1025.29,1025.92
GOOG,20131104,12:02:44,1025.03,1025.86
GOOG,20131104,12:02:44,1025.29,1025.93
GOOG,20131104,12:02:44,1025.29,1025.91
GOOG,20131104,12:02:44,0,0
GOOG,20131104,12:02:44,0,1025.85
GOOG,20131104,12:02:44,1025.29,1025.93
GOOG,20131104,12:02:44,1025.29,1025.89
GOOG,20131104,12:02:46,1025.29,1025.93
GOOG,20131104,12:02:46,1025.29,1025.87
GOOG,20131104,12:02:46,1025.29,1025.86
GOOG,20131104,12:02:48,1025.23,1025.86
GOOG,20131104,12:02:48,1025.29,1025.93
GOOG,20131104,12:02:48,1025.29,1025.93
GOOG,20131104,12:02:48,1024.71,1025.85
GOOG,20131104,12:02:53,1025.29,1025.92
GOOG,20131104,12:02:53,1025.29,1025.88
GOOG,20131104,12:02:55,0,0
GOOG,20131104,12:02:55,1025.29,1025.88
GOOG,20131104,12:02:55,0,1025.56
GOOG,20131104,12:02:55,0,0
GOOG,20131104,12:02:55,1021.6,1029.82
GOOG,20131104,12:02:55,1025.29,1025.87
GOOG,20131104,12:02:55,1021.6,1025.85
GOOG,20131104,12:02:55,1025.29,1026.59
GOOG,20131104,12:02:55,0,1025.59
GOOG,20131104,12:02:55,0,0
GOOG,20131104,12:02:55,1025.29,1025.85
GOOG,20131104,12:02:55,1024.69,1026.51
GOOG,20131104,12:02:55,0,1025.86
GOOG,20131104,12:02:55,1025.29,1026.59
GOOG,20131104,12:02:55,1025.29,1025.94
GOOG,20131104,12:02:55,1025.29,1025.86
GOOG,20131104,12:02:55,1024.69,1026.66
GOOG,20131104,12:02:56,0,0
GOOG,20131104,12:02:56,0,1025.86
GOOG,20131104,12:03:03,1025.29,1025.86
GOOG,20131104,12:03:03,1024.42,1025.86
GOOG,20131104,12:03:03,0,0
GOOG,20131104,12:03:03,1025.29,1025.94
GOOG,20131104,12:03:03,1025.29,1025.85
GOOG,20131104,12:03:03,1025.29,1025.86
GOOG,20131104,12:03:03,1024.42,1025.85
GOOG,20131104,12:03:03,1024.42,1025.86
GOOG,20131104,12:03:03,1025.29,1025.86
GOOG,20131104,12:03:03,1025.29,1025.94
GOOG,20131104,12:03:03,0,1025.86
GOOG,20131104,12:03:03,0,0
GOOG,20131104,12:03:03,0,1025.86
GOOG,20131104,12:03:03,0,0
GOOG,20131104,12:03:03,0,1025.86
GOOG,20131104,12:03:03,1025.29,1025.88
GOOG,20131104,12:03:03,1025.29,1025.85
GOOG,20131104,12:03:03,1024.42,1025.85
GOOG,20131104,12:03:03,1024.42,1029.7
GOOG,20131104,12:03:03,1025.29,1025.87
GOOG,20131104,12:03:03,1025.29,1025.86
GOOG,20131104,12:03:03,1024.42,1025.86
GOOG,20131104,12:03:04,1025.29,1025.94
GOOG,20131104,12:03:04,1025.29,1025.86
GOOG,20131104,12:03:04,1025.29,1025.85
GOOG,20131104,12:03:04,1024.42,1025.85
GOOG,20131104,12:03:04,1024.42,1029.7
GOOG,20131104,12:03:04,1025.29,1025.86
GOOG,20131104,12:03:04,1024.42,1025.86
GOOG,20131104,12:03:04,1025.29,1025.94
GOOG,20131104,12:03:04,1025.29,1025.86
GOOG,20131104,12:03:04,1025.29,1025.95
GOOG,20131104,12:03:04,1025.29,1025.88
GOOG,20131104,12:03:04,1025.29,1025.87
GOOG,20131104,12:03:04,1025.29,1025.85
GOOG,20131104,12:03:04,1025.29,1025.86
GOOG,20131104,12:03:04,1024.42,1025.85
GOOG,20131104,12:03:04,1024.42,1029.7
GOOG,20131104,12:03:05,1024.42,1025.86
GOOG,20131104,12:03:05,1025.29,1025.85
GOOG,20131104,12:03:05,1024.42,1025.85
GOOG,20131104,12:03:05,1024.42,1029.7
GOOG,20131104,12:03:05,1025.29,1025.95
GOOG,20131104,12:03:05,1025.29,1025.86
GOOG,20131104,12:03:07,0,0
GOOG,20131104,12:03:07,0,1025.86
GOOG,20131104,12:03:08,1024.76,1025.86
GOOG,20131104,12:03:08,1025.29,1025.86
GOOG,20131104,12:03:08,1025.29,1025.85
GOOG,20131104,12:03:08,1021.6,1025.85
GOOG,20131104,12:03:08,1025.36,1025.91
GOOG,20131104,12:03:08,1025.34,1025.86
GOOG,20131104,12:03:08,1025.33,1025.86
GOOG,20131104,12:03:08,1025.36,1025.86
GOOG,20131104,12:03:08,1024.73,1026.66
GOOG,20131104,12:03:08,1025.36,1025.85
GOOG,20131104,12:03:08,1025.36,1025.86
GOOG,20131104,12:03:08,1025.39,1025.91
GOOG,20131104,12:03:08,1025.39,1025.91
GOOG,20131104,12:03:08,1021.6,1025.85
GOOG,20131104,12:03:08,1025.36,1025.86
GOOG,20131104,12:03:08,1025.39,1025.86
GOOG,20131104,12:03:08,1025.39,1026.59
GOOG,20131104,12:03:08,1025.39,1025.91
GOOG,20131104,12:03:08,1025.36,1025.91
GOOG,20131104,12:03:08,1025.34,1026.59
GOOG,20131104,12:03:08,1025.41,1025.91
GOOG,20131104,12:03:08,1025.36,1025.91
GOOG,20131104,12:03:08,1025.33,1026.15
GOOG,20131104,12:03:08,1021.6,1029.82
GOOG,20131104,12:03:08,1025.34,1026.59
GOOG,20131104,12:03:08,1025.39,1025.91
GOOG,20131104,12:03:08,1024.73,1026.67
GOOG,20131104,12:03:08,1025.36,1026.59
GOOG,20131104,12:03:08,1025.36,1026.59
GOOG,20131104,12:03:08,1025.58,1026.15
GOOG,20131104,12:03:08,1025.39,1026.59
GOOG,20131104,12:03:08,1025.48,1026.59
GOOG,20131104,12:03:08,1025.48,1025.97
GOOG,20131104,12:03:08,1025.36,1025.91
GOOG,20131104,12:03:08,1024.69,1026.67
GOOG,20131104,12:03:08,1024.78,1026.67
GOOG,20131104,12:03:08,1024.98,1026.67
GOOG,20131104,12:03:08,1025.48,1025.97
GOOG,20131104,12:03:08,1025.48,1025.97
GOOG,20131104,12:03:08,1025.48,1025.97
GOOG,20131104,12:03:10,1025.36,1025.97
GOOG,20131104,12:03:10,1025.5,1025.97
GOOG,20131104,12:03:10,1025.5,1025.97
GOOG,20131104,12:03:14,1025.64,1025.91
GOOG,20131104,12:03:14,1025.5,1026.59
GOOG,20131104,12:03:14,1025.48,1026.59
GOOG,20131104,12:03:14,1025.56,1026.59
GOOG,20131104,12:03:14,989.76,1025.85
GOOG,20131104,12:03:14,1023.95,1026.39
GOOG,20131104,12:03:14,1025.04,1025.85
GOOG,20131104,12:03:14,1025.04,1026.39
GOOG,20131104,12:03:14,1025.04,1026.67
GOOG,20131104,12:03:14,1025.04,1026.67
GOOG,20131104,12:03:14,1025.04,1026.67
GOOG,20131104,12:03:14,1025.48,1026.59
GOOG,20131104,12:03:14,1025.57,1026.59
GOOG,20131104,12:03:14,1025.57,1026.05
GOOG,20131104,12:03:14,1025.57,1026.05
GOOG,20131104,12:03:20,0,0
GOOG,20131104,12:03:20,0,1025.88
GOOG,20131104,12:03:20,0,0
GOOG,20131104,12:03:20,0,1025.87
GOOG,20131104,12:03:23,0,0
GOOG,20131104,12:03:23,0,1025.87
GOOG,20131104,12:03:24,0,0
GOOG,20131104,12:03:24,0,1025.88
GOOG,20131104,12:03:24,0,0
GOOG,20131104,12:03:24,0,1025.89
GOOG,20131104,12:03:26,0,0
GOOG,20131104,12:03:26,0,1025.88
GOOG,20131104,12:03:26,0,0
GOOG,20131104,12:03:26,0,1025.88
GOOG,20131104,12:03:27,1025.64,1025.85
GOOG,20131104,12:03:27,0,0
GOOG,20131104,12:03:27,0,1025.86
GOOG,20131104,12:03:27,1025.57,1026.03
GOOG,20131104,12:03:27,1025.04,1026.45
GOOG,20131104,12:03:27,1025.04,1026.45
GOOG,20131104,12:03:28,0,0
GOOG,20131104,12:03:28,0,1025.85
GOOG,20131104,12:03:28,1025.48,1026.03
GOOG,20131104,12:03:28,1025.48,1026
GOOG,20131104,12:03:28,0,0
GOOG,20131104,12:03:29,1025.54,1026
GOOG,20131104,12:03:30,0,1025.86
GOOG,20131104,12:03:30,1025.54,1026.59
GOOG,20131104,12:03:30,1025.48,1026.59
GOOG,20131104,12:03:30,1025.57,1026.59
GOOG,20131104,12:03:30,0,0
GOOG,20131104,12:03:30,0,1025.85
GOOG,20131104,12:03:30,1025.48,1026.59
GOOG,20131104,12:03:30,0,0
GOOG,20131104,12:03:32,1025.58,1025.85
GOOG,20131104,12:03:32,0,1025.85
GOOG,20131104,12:03:32,1025.53,1026.59
GOOG,20131104,12:03:32,1025.53,1026
GOOG,20131104,12:03:32,1025.04,1026.45
GOOG,20131104,12:03:36,1025.58,1025.85
GOOG,20131104,12:03:36,0,1025.85
GOOG,20131104,12:03:36,1025.59,1025.85
GOOG,20131104,12:03:36,1025.59,0
GOOG,20131104,12:03:38,0,0
GOOG,20131104,12:03:38,1025.58,0
GOOG,20131104,12:03:39,1025.04,1026.39
GOOG,20131104,12:03:39,0,0
GOOG,20131104,12:03:39,1025.59,0
GOOG,20131104,12:03:39,1025.64,1026.39
GOOG,20131104,12:03:39,1025.53,1026.59
GOOG,20131104,12:03:39,1025.61,1026.59
GOOG,20131104,12:03:40,0,0
GOOG,20131104,12:03:40,1025.6,0
GOOG,20131104,12:03:42,0,0
GOOG,20131104,12:03:43,1025.64,1025.85
GOOG,20131104,12:03:43,1025.48,1026.59
GOOG,20131104,12:03:43,1025.62,1026.59
GOOG,20131104,12:03:43,1025.62,1026.07
GOOG,20131104,12:03:44,1025.58,0
GOOG,20131104,12:03:44,0,0
GOOG,20131104,12:03:44,1025.04,1026.39
GOOG,20131104,12:03:44,1025.62,1026.59
GOOG,20131104,12:03:44,1025.48,1026.59
GOOG,20131104,12:03:44,1025.48,1025.97
GOOG,20131104,12:03:44,1025.64,1025.85
GOOG,20131104,12:03:44,1025.46,1025.85
GOOG,20131104,12:03:44,1025.46,1025.64
GOOG,20131104,12:03:44,1025.45,1025.97
GOOG,20131104,12:03:44,1025.39,1025.97
GOOG,20131104,12:03:44,1025.39,1025.89
GOOG,20131104,12:03:44,1025.26,1025.89
GOOG,20131104,12:03:44,1025.43,1025.85
GOOG,20131104,12:03:44,1025.43,1025.58
GOOG,20131104,12:03:44,1025.43,1025.85
GOOG,20131104,12:03:44,1025.26,1025.97
GOOG,20131104,12:03:44,1025.26,1025.64
GOOG,20131104,12:03:44,1024.42,1025.84
GOOG,20131104,12:03:44,1025.24,1025.64
GOOG,20131104,12:03:44,1024.48,1025.85
GOOG,20131104,12:03:44,1025.24,1025.97
GOOG,20131104,12:03:44,1024.42,1029.7
GOOG,20131104,12:03:44,1025.18,1025.97
GOOG,20131104,12:03:44,1025.24,1025.85
GOOG,20131104,12:03:44,1025.18,1025.85
GOOG,20131104,12:03:44,1025.13,1025.85
GOOG,20131104,12:03:44,1025.13,1025.85
GOOG,20131104,12:03:44,1025.13,1025.85
GOOG,20131104,12:03:44,1025.03,1025.85
GOOG,20131104,12:03:44,1025.24,1025.85
GOOG,20131104,12:03:44,1025.13,1025.85
GOOG,20131104,12:03:44,1025.13,1025.85
GOOG,20131104,12:03:44,1025.24,0
GOOG,20131104,12:03:44,1025.13,1025.85
GOOG,20131104,12:03:44,1025.03,1025.85
GOOG,20131104,12:03:44,1025.04,1026.45
GOOG,20131104,12:03:44,1025.03,1025.85
GOOG,20131104,12:03:44,1025.04,1026.45
GOOG,20131104,12:03:44,1025.03,1025.85
GOOG,20131104,12:03:44,1025.24,1025.85
GOOG,20131104,12:03:44,1025.03,1025.64
GOOG,20131104,12:03:44,1025.04,1026.45
GOOG,20131104,12:03:44,1025.04,1026.45
GOOG,20131104,12:03:44,1025.04,1026.67
GOOG,20131104,12:03:44,1025.04,1026.24
GOOG,20131104,12:03:44,1025.04,1026.24
GOOG,20131104,12:03:44,1025.04,1026.24
GOOG,20131104,12:03:44,1023.95,1026.39
GOOG,20131104,12:03:44,989.76,1026.39
GOOG,20131104,12:03:44,1024.66,1026.39
GOOG,20131104,12:03:44,1024.66,1026.39
GOOG,20131104,12:03:44,1024.78,1026.24
GOOG,20131104,12:03:44,1024.53,1026.24
GOOG,20131104,12:03:44,1024.66,1026.24
GOOG,20131104,12:03:44,1024.66,1026.24
GOOG,20131104,12:03:44,1023.95,1026.39
GOOG,20131104,12:03:44,989.76,1026.39
GOOG,20131104,12:03:44,1024.66,1026.24
GOOG,20131104,12:03:44,1024.53,1026.24
GOOG,20131104,12:03:44,1024.64,1026.39
GOOG,20131104,12:03:44,1024.64,1026.39
GOOG,20131104,12:03:44,1024.64,1026.24
GOOG,20131104,12:03:44,1024.64,1026.24
GOOG,20131104,12:03:44,1024.64,1026.24
GOOG,20131104,12:03:44,1025.24,1025.9
GOOG,20131104,12:03:44,1025.24,1025.64
GOOG,20131104,12:03:44,1025.24,1025.9
GOOG,20131104,12:03:44,1025.24,1025.88
GOOG,20131104,12:03:44,1024.64,1026.24
GOOG,20131104,12:03:44,1025.24,1025.81
GOOG,20131104,12:03:44,1025.24,1025.81
GOOG,20131104,12:03:44,1024.64,1026.24
GOOG,20131104,12:03:44,1024.64,1026.24
GOOG,20131104,12:03:44,1025.24,1029.82
GOOG,20131104,12:03:44,1025.24,1029.82
GOOG,20131104,12:03:44,1025.24,1025.81
GOOG,20131104,12:03:47,1025.24,1025.81
GOOG,20131104,12:03:59,1025.24,0
GOOG,20131104,12:04:00,1025.24,0
GOOG,20131104,12:04:00,0,0
GOOG,20131104,12:04:00,1025.27,0
GOOG,20131104,12:04:00,1025.24,1026.59
GOOG,20131104,12:04:00,1025.19,1026.59
GOOG,20131104,12:04:00,1025.27,1026.59
GOOG,20131104,12:04:00,1025.27,1025.91
GOOG,20131104,12:04:00,1025.27,1025.91
GOOG,20131104,12:04:00,1025.27,1025.91
GOOG,20131104,12:04:00,1024.64,1026.24
GOOG,20131104,12:04:00,1024.59,1026.24
GOOG,20131104,12:04:00,1024.53,1026.24
GOOG,20131104,12:04:00,1025.27,1025.88
GOOG,20131104,12:04:00,1025.24,1029.82
GOOG,20131104,12:04:00,1021.6,1029.82
GOOG,20131104,12:04:00,1025.27,1025.88
GOOG,20131104,12:04:00,1025.27,1025.87
GOOG,20131104,12:04:00,1025.27,1029.82
GOOG,20131104,12:04:04,1025.27,1026.59
GOOG,20131104,12:04:04,1025.27,1025.82
GOOG,20131104,12:04:04,1025.27,1025.82
GOOG,20131104,12:04:07,1025.27,1029.82
GOOG,20131104,12:04:08,1025.57,1025.64
GOOG,20131104,12:04:08,0,0
GOOG,20131104,12:04:08,1025.24,1025.64
GOOG,20131104,12:04:08,1025.39,0
GOOG,20131104,12:04:08,1025.27,1029.82
GOOG,20131104,12:04:08,0,0
GOOG,20131104,12:04:08,1021.6,1029.82
GOOG,20131104,12:04:08,1025.34,1025.82
GOOG,20131104,12:04:08,1025.34,1025.82
GOOG,20131104,12:04:08,1025.27,1029.82
GOOG,20131104,12:04:08,1025.27,1025.82
GOOG,20131104,12:04:08,1025.2,1025.82
GOOG,20131104,12:04:08,1025.2,1025.88
GOOG,20131104,12:04:08,1021.6,1029.82
GOOG,20131104,12:04:08,989.76,1026.39
GOOG,20131104,12:04:08,1025.2,1025.88
GOOG,20131104,12:04:08,1024.97,1026.24
GOOG,20131104,12:04:08,1024.67,1026.39
GOOG,20131104,12:04:08,1025.26,0
GOOG,20131104,12:04:08,1024.97,1026.24
GOOG,20131104,12:04:08,1024.97,1026.24
GOOG,20131104,12:04:08,0,0
GOOG,20131104,12:04:08,1024.53,1026.24
GOOG,20131104,12:04:08,1025.24,0
GOOG,20131104,12:04:08,1023.95,1026.39
GOOG,20131104,12:04:08,1025.2,1025.82
GOOG,20131104,12:04:08,1025.2,1025.82
GOOG,20131104,12:04:08,1025.2,1025.82
GOOG,20131104,12:04:08,0,0
GOOG,20131104,12:04:08,1025.27,0
GOOG,20131104,12:04:08,1025.27,1025.64
GOOG,20131104,12:04:08,1025.27,1025.82
GOOG,20131104,12:04:08,1024.67,1026.39
GOOG,20131104,12:04:08,1024.67,1026.24
GOOG,20131104,12:04:08,1024.67,1026.24
GOOG,20131104,12:04:08,1024.67,1026.24
GOOG,20131104,12:04:08,1025.27,1029.82
GOOG,20131104,12:04:14,0,0
GOOG,20131104,12:04:14,1025.27,0
GOOG,20131104,12:04:16,1025.24,1025.64
GOOG,20131104,12:04:16,1025.27,1025.64
GOOG,20131104,12:04:16,1024.67,1026.24
GOOG,20131104,12:04:16,1024.62,1026.24
GOOG,20131104,12:04:16,1024.53,1026.24
GOOG,20131104,12:04:17,1025.27,1025.64
GOOG,20131104,12:04:17,1024.67,1026.24
GOOG,20131104,12:04:17,1024.67,1026.24
GOOG,20131104,12:04:17,1024.67,1026.24
GOOG,20131104,12:04:20,0,1025.64
GOOG,20131104,12:04:20,1025.26,1025.64
GOOG,20131104,12:04:20,0,1025.64
GOOG,20131104,12:04:20,1025.25,1025.64
GOOG,20131104,12:04:21,1025.24,1025.64
GOOG,20131104,12:04:21,1025.25,1025.64
GOOG,20131104,12:04:21,1024.67,1026.24
GOOG,20131104,12:04:21,1025.25,1025.64
GOOG,20131104,12:04:21,1024.62,1026.24
GOOG,20131104,12:04:21,0,1025.64
GOOG,20131104,12:04:21,1024.53,1026.24
GOOG,20131104,12:04:21,1025.25,1025.64
GOOG,20131104,12:04:23,0,0
GOOG,20131104,12:04:23,0,1025.64
GOOG,20131104,12:04:23,1025.23,1025.64
GOOG,20131104,12:04:23,1025.23,0
GOOG,20131104,12:04:23,0,0
GOOG,20131104,12:04:23,1025.22,0
GOOG,20131104,12:04:23,1025.22,1025.64
GOOG,20131104,12:04:23,0,1025.64
GOOG,20131104,12:04:23,1025.27,1025.82
GOOG,20131104,12:04:23,1025.23,1025.64
GOOG,20131104,12:04:24,1025.23,1025.64
GOOG,20131104,12:04:24,0,1025.64
GOOG,20131104,12:04:25,1021.6,1029.82
GOOG,20131104,12:04:25,1025.23,1025.64
GOOG,20131104,12:04:25,1025.23,1025.64
GOOG,20131104,12:04:25,1025.23,1025.64
GOOG,20131104,12:04:26,0,1025.64
GOOG,20131104,12:04:26,1025.27,1029.82
GOOG,20131104,12:04:27,1025.27,1025.64
GOOG,20131104,12:04:27,1025.27,1025.64
GOOG,20131104,12:04:27,1025.27,1025.79
GOOG,20131104,12:04:27,1024.67,1026.24
GOOG,20131104,12:04:27,1024.67,1026.24
GOOG,20131104,12:04:42,1021.6,1029.82
GOOG,20131104,12:04:42,0,1025.64
GOOG,20131104,12:04:42,1025.26,1025.64
GOOG,20131104,12:04:46,0,1025.64
GOOG,20131104,12:04:46,1025.27,1025.82
GOOG,20131104,12:04:46,1025.27,1029.82
GOOG,20131104,12:04:46,1025.27,1025.64
GOOG,20131104,12:04:46,0,1025.64
GOOG,20131104,12:04:46,0,0
GOOG,20131104,12:04:46,0,1025.64
GOOG,20131104,12:04:46,1025.27,1025.64
GOOG,20131104,12:04:46,1025.27,1025.64
GOOG,20131104,12:04:47,1025,1029.7
GOOG,20131104,12:04:48,1025.27,1025.64
GOOG,20131104,12:04:48,1025.27,1025.64
GOOG,20131104,12:04:49,1025.27,0
GOOG,20131104,12:04:59,1025.27,1025.64
